{
    "model_name": "resnet50",
    "accuracy": 0.8117,
    "precision": 0.9712,
    "recall": 0.6474,
    "f1_score": 0.7769,
    "roc_auc": 0.8738,
    "confusion_matrix": [
        [
            149,
            3
        ],
        [
            55,
            101
        ]
    ],
    "classification_report": {
        "0": {
            "precision": 0.7303921568627451,
            "recall": 0.9802631578947368,
            "f1-score": 0.8370786516853933,
            "support": 152.0
        },
        "1": {
            "precision": 0.9711538461538461,
            "recall": 0.6474358974358975,
            "f1-score": 0.7769230769230769,
            "support": 156.0
        },
        "accuracy": 0.8116883116883117,
        "macro avg": {
            "precision": 0.8507730015082956,
            "recall": 0.8138495276653172,
            "f1-score": 0.8070008643042351,
            "support": 308.0
        },
        "weighted avg": {
            "precision": 0.8523363891010949,
            "recall": 0.8116883116883117,
            "f1-score": 0.8066102436888953,
            "support": 308.0
        }
    }
}